Workbook

Sheet 2020
A1: Penduduk Kota Semarang Menurut Kecamatan (Hasil Proyeksi Penduduk) | F1: Luas Wilayah | G1: Kepadatan
A2: No | B2: Kecamatan | C2: Laki Laki | D2: Perempuan | E2: Laki Laki +Perempuan
A3: 1 | B3: Mijen | C3: 40520 | D3: 40386 | E3: =C3+D3 -> 80906 | F3: 57.55 | G3: =E3/F3 -> 1405.8384
A4: 2 | B4: Gunungpati | C4: 49023 | D4: 49000 | E4: =C4+D4 -> 98023 | F4: 54.11 | G4: =E4/F4 -> 1811.5505
A5: 3 | B5: Banyumanik | C5: 70074 | D5: 72002 | E5: =C5+D5 -> 142076 | F5: 25.69 | G5: =E5/F5 -> 5530.4009
A6: 4 | B6: Gajah Mungkur | C6: 27592 | D6: 28640 | E6: =C6+D6 -> 56232 | F6: 9.07 | G6: =E6/F6 -> 6199.7795
A7: 5 | B7: Semarang Selatan | C7: 30168 | D7: 31862 | E7: =C7+D7 -> 62030 | F7: 5.93 | G7: =E7/F7 -> 10460.371
A8: 6 | B8: Candisari | C8: 37232 | D8: 38224 | E8: =C8+D8 -> 75456 | F8: 6.54 | G8: =E8/F8 -> 11537.615
A9: 7 | B9: Tembalang | C9: 94453 | D9: 95227 | E9: =C9+D9 -> 189680 | F9: 44.2 | G9: =E9/F9 -> 4291.4027
A10: 8 | B10: Pedurungan | C10: 95791 | D10: 97360 | E10: =C10+D10 -> 193151 | F10: 20.72 | G10: =E10/F10 -> 9321.9595
A11: 9 | B11: Genuk | C11: 61884 | D11: 61426 | E11: =C11+D11 -> 123310 | F11: 27.39 | G11: =E11/F11 -> 4502.008
A12: 10 | B12: Gayamsari | C12: 34912 | D12: 35349 | E12: =C12+D12 -> 70261 | F12: 6.18 | G12: =E12/F12 -> 11369.094
A13: 11 | B13: Semarang Timur | C13: 32181 | D13: 34121 | E13: =C13+D13 -> 66302 | F13: 7.7 | G13: =E13/F13 -> 8610.6494
A14: 12 | B14: Semarang Utara | C14: 58051 | D14: 59554 | E14: =C14+D14 -> 117605 | F14: 10.97 | G14: =E14/F14 -> 10720.602
... A18: 16 | B18: Ngaliyan | C18: 70600 | D18: 71127 | E18: =C18+D18 -> 141727 | F18: 37.99 | G18: =E18/F18 -> 3730.6396
A19: Kota Semarang | C19: =SUM(C3:C18) -> 818441 | D19: =SUM(D3:D18) -> 835083 | E19: =SUM(E3:E18) -> 1653524 | F19: 373.7 | G19: =E19/F19 -> 4424.7364
A20: Sumber: BPS, Sensus Penduduk dan Proyeksi Penduduk

Sheet 2021
A1: Penduduk Kota Semarang Menurut Kecamatan (Hasil Proyeksi Penduduk) | F1: Luas Wilayah | G1: Kepadatan | H1: Laju Pertumbuhan
A2: No | B2: Kecamatan | C2: Laki Laki | D2: Perempuan | E2: Laki Laki +Perempuan
A3: 1 | B3: Mijen | C3: 41695 | D3: 41626 | E3: =C3+D3 -> 83321 | F3: 57.55 | G3: =E3/F3 -> 1447.8019 | H3: =(E3-'2020'!E3)/'2020'!E3*100 -> 2.9849455
A4: 2 | B4: Gunungpati | C4: 49179 | D4: 49164 | E4: =C4+D4 -> 98343 | F4: 54.11 | G4: =E4/F4 -> 1817.4644 | H4: =(E4-'2020'!E4)/'2020'!E4*100 -> 0.326454
A5: 3 | B5: Banyumanik | C5: 69891 | D5: 71798 | E5: =C5+D5 -> 141689 | F5: 25.69 | G5: =E5/F5 -> 5515.3367 | H5: =(E5-'2020'!E5)/'2020'!E5*100 -> -0.27238943
A6: 4 | B6: Gajah Mungkur | C6: 27396 | D6: 28461 | E6: =C6+D6 -> 55857 | F6: 9.07 | G6: =E6/F6 -> 6158.4344 | H6: =(E6-'2020'!E6)/'2020'!E6*100 -> -0.66688007
A7: 5 | B7: Semarang Selatan | C7: 29954 | D7: 31662 | E7: =C7+D7 -> 61616 | F7: 5.93 | G7: =E7/F7 -> 10390.556 | H7: =(E7-'2020'!E7)/'2020'!E7*100 -> -0.66741899
A8: 6 | B8: Candisari | C8: 36967 | D8: 37985 | E8: =C8+D8 -> 74952 | F8: 6.54 | G8: =E8/F8 -> 11460.55 | H8: =(E8-'2020'!E8)/'2020'!E8*100 -> -0.66793893
A9: 7 | B9: Tembalang | C9: 95369 | D9: 96191 | E9: =C9+D9 -> 191560 | F9: 44.2 | G9: =E9/F9 -> 4333.9367 | H9: =(E9-'2020'!E9)/'2020'!E9*100 -> 0.99114298
A10: 8 | B10: Pedurungan | C10: 95725 | D10: 97403 | E10: =C10+D10 -> 193128 | F10: 20.72 | G10: =E10/F10 -> 9320.8494 | H10: =(E10-'2020'!E10)/'2020'!E10*100 -> -0.011907782
A11: 9 | B11: Genuk | C11: 63182 | D11: 62785 | E11: =C11+D11 -> 125967 | F11: 27.39 | G11: =E11/F11 -> 4599.0142 | H11: =(E11-'2020'!E11)/'2020'!E11*100 -> 2.154732
A12: 10 | B12: Gayamsari | C12: 34664 | D12: 35128 | E12: =C12+D12 -> 69792 | F12: 6.18 | G12: =E12/F12 -> 11293.204 | H12: =(E12-'2020'!E12)/'2020'!E12*100 -> -0.66751114
A13: 11 | B13: Semarang Timur | C13: 31952 | D13: 33907 | E13: =C13+D13 -> 65859 | F13: 7.7 | G13: =E13/F13 -> 8553.1169 | H13: =(E13-'2020'!E13)/'2020'!E13*100 -> -0.66815481
A14: 12 | B14: Semarang Utara | C14: 57692 | D14: 59128 | E14: =C14+D14 -> 116820 | F14: 10.97 | G14: =E14/F14 -> 10649.043 | H14: =(E14-'2020'!E14)/'2020'!E14*100 -> -0.66748863
... A18: 16 | B18: Ngaliyan | C18: 70808 | D18: 71323 | E18: =C18+D18 -> 142131 | F18: 37.99 | G18: =E18/F18 -> 3741.274 | H18: =(E18-'2020'!E18)/'2020'!E18*100 -> 0.28505507
A19: Kota Semarang | C19: =SUM(C3:C18) -> 819785 | D19: =SUM(D3:D18) -> 836779 | E19: =SUM(E3:E18) -> 1656564 | F19: 373.7 | G19: =E19/F19 -> 4432.8713 | H19: =(E19-'2020'!E19)/'2020'!E19*100 -> 0.18384977
A20: Sumber: BPS, Sensus Penduduk dan Proyeksi Penduduk

Sheet 2022
A1: Penduduk Kota Semarang Menurut Kecamatan (Hasil Proyeksi Penduduk) | F1: Luas Wilayah | G1: Kepadatan | H1: Laju Pertumbuhan
A2: No | B2: Kecamatan | C2: Laki Laki | D2: Perempuan | E2: Laki Laki +Perempuan
A3: 1 | B3: Mijen | C3: 42908 | D3: 42910 | E3: =C3+D3 -> 85818 | F3: 57.55 | G3: =E3/F3 -> 1491.1903 | H3: =(E3-'2021'!E3)/'2021'!E3*100 -> 2.9968435
A4: 2 | B4: Gunungpati | C4: 49341 | D4: 49333 | E4: =C4+D4 -> 98674 | F4: 54.11 | G4: =E4/F4 -> 1823.5816 | H4: =(E4-'2021'!E4)/'2021'!E4*100 -> 0.33657708
A5: 3 | B5: Banyumanik | C5: 69717 | D5: 71602 | E5: =C5+D5 -> 141319 | F5: 25.69 | G5: =E5/F5 -> 5500.9342 | H5: =(E5-'2021'!E5)/'2021'!E5*100 -> -0.2611353
A6: 4 | B6: Gajah Mungkur | C6: 27204 | D6: 28286 | E6: =C6+D6 -> 55490 | F6: 9.07 | G6: =E6/F6 -> 6117.9713 | H6: =(E6-'2021'!E6)/'2021'!E6*100 -> -0.65703493
A7: 5 | B7: Semarang Selatan | C7: 29744 | D7: 31468 | E7: =C7+D7 -> 61212 | F7: 5.93 | G7: =E7/F7 -> 10322.428 | H7: =(E7-'2021'!E7)/'2021'!E7*100 -> -0.65567385
A8: 6 | B8: Candisari | C8: 36709 | D8: 37752 | E8: =C8+D8 -> 74461 | F8: 6.54 | G8: =E8/F8 -> 11385.474 | H8: =(E8-'2021'!E8)/'2021'!E8*100 -> -0.65508592
A9: 7 | B9: Tembalang | C9: 96306 | D9: 97174 | E9: =C9+D9 -> 193480 | F9: 44.2 | G9: =E9/F9 -> 4377.3756 | H9: =(E9-'2021'!E9)/'2021'!E9*100 -> 1.0022969
A10: 8 | B10: Pedurungan | C10: 95667 | D10: 97458 | E10: =C10+D10 -> 193125 | F10: 20.72 | G10: =E10/F10 -> 9320.7046 | H10: =(E10-'2021'!E10)/'2021'!E10*100 -> -0.0015533739
A11: 9 | B11: Genuk | C11: 64514 | D11: 64182 | E11: =C11+D11 -> 128696 | F11: 27.39 | G11: =E11/F11 -> 4698.6491 | H11: =(E11-'2021'!E11)/'2021'!E11*100 -> 2.1664404
A12: 10 | B12: Gayamsari | C12: 34421 | D12: 34913 | E12: =C12+D12 -> 69334 | F12: 6.18 | G12: =E12/F12 -> 11219.094 | H12: =(E12-'2021'!E12)/'2021'!E12*100 -> -0.65623567
A13: 11 | B13: Semarang Timur | C13: 31729 | D13: 33698 | E13: =C13+D13 -> 65427 | F13: 7.7 | G13: =E13/F13 -> 8497.013 | H13: =(E13-'2021'!E13)/'2021'!E13*100 -> -0.6559468
A14: 12 | B14: Semarang Utara | C14: 57341 | D14: 58713 | E14: =C14+D14 -> 116054 | F14: 10.97 | G14: =E14/F14 -> 10579.216 | H14: =(E14-'2021'!E14)/'2021'!E14*100 -> -0.65570964
... A18: 16 | B18: Ngaliyan | C18: 71025 | D18: 71528 | E18: =C18+D18 -> 142553 | F18: 37.99 | G18: =E18/F18 -> 3752.3822 | H18: =(E18-'2021'!E18)/'2021'!E18*100 -> 0.29690919
A19: Kota Semarang | C19: =SUM(C3:C18) -> 821305 | D19: =SUM(D3:D18) -> 838670 | E19: =SUM(E3:E18) -> 1659975 | F19: 373.7 | G19: =E19/F19 -> 4441.9989 | H19: =(E19-'2021'!E19)/'2021'!E19*100 -> 0.20590813
A20: Sumber: BPS, Sensus Penduduk dan Proyeksi Penduduk

Sheet 2023
A1: Penduduk Kota Semarang Menurut Kecamatan (Hasil Proyeksi Penduduk) | F1: Luas Wilayah | G1: Kepadatan | H1: Laju Pertumbuhan
A2: No | B2: Kecamatan | C2: Laki Laki | D2: Perempuan | E2: Laki Laki +Perempuan
A3: 1 | B3: Mijen | C3: 44876 | D3: 45072 | E3: =C3+D3 -> 89948 | F3: 57.55 | G3: =E3/F3 -> 1562.954 | H3: =(E3-'2022'!E3)/'2022'!E3*100 -> 4.8125102
A4: 2 | B4: Gunungpati | C4: 50310 | D4: 50442 | E4: =C4+D4 -> 100752 | F4: 54.11 | G4: =E4/F4 -> 1861.9848 | H4: =(E4-'2022'!E4)/'2022'!E4*100 -> 2.1059246
A5: 3 | B5: Banyumanik | C5: 70675 | D5: 72758 | E5: =C5+D5 -> 143433 | F5: 25.69 | G5: =E5/F5 -> 5583.223 | H5: =(E5-'2022'!E5)/'2022'!E5*100 -> 1.4959064
A6: 4 | B6: Gajah Mungkur | C6: 27602 | D6: 28748 | E6: =C6+D6 -> 56350 | F6: 9.07 | G6: =E6/F6 -> 6212.7894 | H6: =(E6-'2022'!E6)/'2022'!E6*100 -> 1.5498288
A7: 5 | B7: Semarang Selatan | C7: 30215 | D7: 31964 | E7: =C7+D7 -> 62179 | F7: 5.93 | G7: =E7/F7 -> 10485.497 | H7: =(E7-'2022'!E7)/'2022'!E7*100 -> 1.5797556
A8: 6 | B8: Candisari | C8: 37302 | D8: 38312 | E8: =C8+D8 -> 75614 | F8: 6.54 | G8: =E8/F8 -> 11561.774 | H8: =(E8-'2022'!E8)/'2022'!E8*100 -> 1.5484616
A9: 7 | B9: Tembalang | C9: 98833 | D9: 100029 | E9: =C9+D9 -> 198862 | F9: 44.2 | G9: =E9/F9 -> 4499.1403 | H9: =(E9-'2022'!E9)/'2022'!E9*100 -> 2.7816829
A10: 8 | B10: Pedurungan | C10: 97167 | D10: 99359 | E10: =C10+D10 -> 196526 | F10: 20.72 | G10: =E10/F10 -> 9484.8456 | H10: =(E10-'2022'!E10)/'2022'!E10*100 -> 1.7610356
A11: 9 | B11: Genuk | C11: 66946 | D11: 65527 | E11: =C11+D11 -> 132473 | F11: 27.39 | G11: =E11/F11 -> 4836.5462 | H11: =(E11-'2022'!E11)/'2022'!E11*100 -> 2.9348231
A12: 10 | B12: Gayamsari | C12: 34998 | D12: 35411 | E12: =C12+D12 -> 70409 | F12: 6.18 | G12: =E12/F12 -> 11393.042 | H12: =(E12-'2022'!E12)/'2022'!E12*100 -> 1.5504659
A13: 11 | B13: Semarang Timur | C13: 32261 | D13: 34220 | E13: =C13+D13 -> 66481 | F13: 7.7 | G13: =E13/F13 -> 8633.8961 | H13: =(E13-'2022'!E13)/'2022'!E13*100 -> 1.6109557
A14: 12 | B14: Semarang Utara | C14: 58194 | D14: 59693 | E14: =C14+D14 -> 117887 | F14: 10.97 | G14: =E14/F14 -> 10746.308 | H14: =(E14-'2022'!E14)/'2022'!E14*100 -> 1.5794372
... A18: 16 | B18: Ngaliyan | C18: 72403 | D18: 73092 | E18: =C18+D18 -> 145495 | F18: 37.99 | G18: =E18/F18 -> 3829.8236 | H18: =(E18-'2022'!E18)/'2022'!E18*100 -> 2.0637938
A19: Kota Semarang | C19: =SUM(C3:C18) -> 838437 | D19: =SUM(D3:D18) -> 856306 | E19: =SUM(E3:E18) -> 1694743 | F19: 373.7 | G19: =E19/F19 -> 4535.0361 | H19: =(E19-'2022'!E19)/'2022'!E19*100 -> 2.0944894
A20: Sumber: BPS, Sensus Penduduk dan Proyeksi Penduduk
B23: Indikator Yang dibutuhkan
B24: Total Penduduk
B25: Kepadatan'
B26: Jumlah Laki-Laki
B27: Jumlah Perempuan
B28: Laju Pertumbuhan

Sheet 2024
A1: Penduduk Kota Semarang Menurut Kecamatan (Hasil Proyeksi Penduduk) | F1: Luas Wilayah | G1: Kepadatan | H1: Laju Pertumbuhan
A2: No | B2: Kecamatan | C2: Laki Laki | D2: Perempuan | E2: Laki Laki +Perempuan
A3: 1 | B3: Mijen | C3: 46420 | D3: 46668 | E3: =C3+D3 -> 93088 | F3: 57.55 | G3: =E3/F3 -> 1617.5152 | H3: =(E3-'2023'!E3)/'2023'!E3*100 -> 3.4909059
A4: 2 | B4: Gunungpati | C4: 50735 | D4: 50842 | E4: =C4+D4 -> 101577 | F4: 54.11 | G4: =E4/F4 -> 1877.2316 | H4: =(E4-'2023'!E4)/'2023'!E4*100 -> 0.81884231
A5: 3 | B5: Banyumanik | C5: 70861 | D5: 72885 | E5: =C5+D5 -> 143746 | F5: 25.69 | G5: =E5/F5 -> 5595.4068 | H5: =(E5-'2023'!E5)/'2023'!E5*100 -> 0.21822035
A6: 4 | B6: Gajah Mungkur | C6: 27600 | D6: 28734 | E6: =C6+D6 -> 56334 | F6: 9.07 | G6: =E6/F6 -> 6211.0254 | H6: =(E6-'2023'!E6)/'2023'!E6*100 -> -0.028393966
A7: 5 | B7: Semarang Selatan | C7: 30224 | D7: 31794 | E7: =C7+D7 -> 62018 | F7: 5.93 | G7: =E7/F7 -> 10458.347 | H7: =(E7-'2023'!E7)/'2023'!E7*100 -> -0.25892986
A8: 6 | B8: Candisari | C8: 37317 | D8: 38125 | E8: =C8+D8 -> 75442 | F8: 6.54 | G8: =E8/F8 -> 11535.474 | H8: =(E8-'2023'!E8)/'2023'!E8*100 -> -0.2274711
A9: 7 | B9: Tembalang | C9: 100313 | D9: 101508 | E9: =C9+D9 -> 201821 | F9: 44.2 | G9: =E9/F9 -> 4566.086 | H9: =(E9-'2023'!E9)/'2023'!E9*100 -> 1.4879665
A10: 8 | B10: Pedurungan | C10: 97609 | D10: 99859 | E10: =C10+D10 -> 197468 | F10: 20.72 | G10: =E10/F10 -> 9530.3089 | H10: =(E10-'2023'!E10)/'2023'!E10*100 -> 0.47932589
A11: 9 | B11: Genuk | C11: 68709 | D11: 68647 | E11: =C11+D11 -> 137356 | F11: 27.39 | G11: =E11/F11 -> 5014.8229 | H11: =(E11-'2023'!E11)/'2023'!E11*100 -> 3.6860341
A12: 10 | B12: Gayamsari | C12: 35019 | D12: 35369 | E12: =C12+D12 -> 70388 | F12: 6.18 | G12: =E12/F12 -> 11389.644 | H12: =(E12-'2023'!E12)/'2023'!E12*100 -> -0.029825733
A13: 11 | B13: Semarang Timur | C13: 32280 | D13: 34195 | E13: =C13+D13 -> 66475 | F13: 7.7 | G13: =E13/F13 -> 8633.1169 | H13: =(E13-'2023'!E13)/'2023'!E13*100 -> -0.009025135
A14: 12 | B14: Semarang Utara | C14: 58229 | D14: 59636 | E14: =C14+D14 -> 117865 | F14: 10.97 | G14: =E14/F14 -> 10744.303 | H14: =(E14-'2023'!E14)/'2023'!E14*100 -> -0.018661939
... A18: 16 | B18: Ngaliyan | C18: 72998 | D18: 73630 | E18: =C18+D18 -> 146628 | F18: 37.99 | G18: =E18/F18 -> 3859.6473 | H18: =(E18-'2023'!E18)/'2023'!E18*100 -> 0.77872092
A19: Kota Semarang | C19: =SUM(C3:C18) -> 845177 | D19: =SUM(D3:D18) -> 863656 | E19: =SUM(E3:E18) -> 1708833 | F19: 373.7 | G19: =E19/F19 -> 4572.7402 | H19: =(E19-'2023'!E19)/'2023'!E19*100 -> 0.83139449
A20: Sumber: BPS, Sensus Penduduk dan Proyeksi Penduduk
C23: =C19/1000000 -> 0.845177
H24: =(E19-'2023'!E190)/'2023'!E19*100-100 -> 0.83139449

Sheet 2025
A1: Penduduk Kota Semarang Menurut Kecamatan (Hasil Proyeksi Penduduk) | F1: Luas Wilayah | G1: Kepadatan | H1: Laju Pertumbuhan
A2: No | B2: Kecamatan | C2: Laki Laki | D2: Perempuan | E2: Laki Laki +Perempuan
A3: 1 | B3: Mijen | C3: 47993 | D3: 48364 | E3: =C3+D3 -> 96357 | F3: 57.55 | G3: =E3/F3 -> 1674.318 | H3: =(E3-'2024'!E3)/'2024'!E3*100 -> 3.5117308
A4: 2 | B4: Gunungpati | C4: 51138 | D4: 51291 | E4: =C4+D4 -> 102429 | F4: 54.11 | G4: =E4/F4 -> 1892.9773 | H4: =(E4-'2024'!E4)/'2024'!E4*100 -> 0.83877256
A5: 3 | B5: Banyumanik | C5: 71012 | D5: 73075 | E5: =C5+D5 -> 144087 | F5: 25.69 | G5: =E5/F5 -> 5608.6804 | H5: =(E5-'2024'!E5)/'2024'!E5*100 -> 0.23722399
A6: 4 | B6: Gajah Mungkur | C6: 27583 | D6: 28745 | E6: =C6+D6 -> 56328 | F6: 9.07 | G6: =E6/F6 -> 6210.3638 | H6: =(E6-'2024'!E6)/'2024'!E6*100 -> -0.010650762
A7: 5 | B7: Semarang Selatan | C7: 30219 | D7: 31762 | E7: =C7+D7 -> 61981 | F7: 5.93 | G7: =E7/F7 -> 10452.108 | H7: =(E7-'2024'!E7)/'2024'!E7*100 -> -0.059660099
A8: 6 | B8: Candisari | C8: 37313 | D8: 38083 | E8: =C8+D8 -> 75396 | F8: 6.54 | G8: =E8/F8 -> 11528.44 | H8: =(E8-'2024'!E8)/'2024'!E8*100 -> -0.060973993
A9: 7 | B9: Tembalang | C9: 101772 | D9: 103093 | E9: =C9+D9 -> 204865 | F9: 44.2 | G9: =E9/F9 -> 4634.9548 | H9: =(E9-'2024'!E9)/'2024'!E9*100 -> 1.5082672
A10: 8 | B10: Pedurungan | C10: 98004 | D10: 100448 | E10: =C10+D10 -> 198452 | F10: 20.72 | G10: =E10/F10 -> 9577.7992 | H10: =(E10-'2024'!E10)/'2024'!E10*100 -> 0.49830859
A11: 9 | B11: Genuk | C11: 70483 | D11: 70550 | E11: =C11+D11 -> 141033 | F11: 27.39 | G11: =E11/F11 -> 5149.069 | H11: =(E11-'2024'!E11)/'2024'!E11*100 -> 2.6769854
A12: 10 | B12: Gayamsari | C12: 35023 | D12: 35358 | E12: =C12+D12 -> 70381 | F12: 6.18 | G12: =E12/F12 -> 11388.511 | H12: =(E12-'2024'!E12)/'2024'!E12*100 -> -0.009944877
A13: 11 | B13: Semarang Timur | C13: 32284 | D13: 34198 | E13: =C13+D13 -> 66482 | F13: 7.7 | G13: =E13/F13 -> 8634.026 | H13: =(E13-'2024'!E13)/'2024'!E13*100 -> 0.010530275
A14: 12 | B14: Semarang Utara | C14: 58236 | D14: 59629 | E14: =C14+D14 -> 117865 | F14: 10.97 | G14: =E14/F14 -> 10744.303 | H14: =(E14-'2024'!E14)/'2024'!E14*100 -> 0
... A18: 16 | B18: Ngaliyan | C18: 73561 | D18: 74236 | E18: =C18+D18 -> 147797 | F18: 37.99 | G18: =E18/F18 -> 3890.4185 | H18: =(E18-'2024'!E18)/'2024'!E18*100 -> 0.79725564
A19: Kota Semarang | C19: 851637 | D19: 870784 | E19: =SUM(E3:E18) -> 1722421 | F19: 373.7 | G19: =E19/F19 -> 4609.1009 | H19: =(E19-'2024'!E19)/'2024'!E19*100 -> 0.79516255
A20: Sumber: BPS, Sensus Penduduk dan Proyeksi Penduduk
H24: =(E19-'2023'!E190)/'2023'!E19*100-100 -> 1.633168
