Workbook

Sheet Sheet6
A1: No | B1: Kabupaten/Kota | C1: PDRB ADHK
A2: 1 | B2: Kabupaten Cilacap | C2: 100327.3
A3: 2 | B3: Kabupaten Banyumas | C3: 39779.32
A4: 3 | B4: Kabupaten Purbalingga | C4: 17387.61
A5: 4 | B5: Kabupaten Banjarnegara | C5: 15246.87
A6: 5 | B6: Kabupaten Kebumen | C6: 19815.06
A7: 6 | B7: Kabupaten Purworejo | C7: 13353.34
A8: 7 | B8: Kabupaten Wonosobo | C8: 13793.04
A9: 8 | B9: Kabupaten Magelang | C9: 23253.15
A10: 9 | B10: Kabupaten Boyolali | C10: 22681.1
A11: 10 | B11: Kabupaten Klaten | C11: 27805.99
A12: 11 | B12: Kabupaten Sukoharjo | C12: 27076.44
A13: 12 | B13: Kabupaten Wonogiri | C13: 20856.21
... A36: 35 | B36: Kota Tegal | C36: 11205.78
A37: Provinsi Jawa Tengah | C37: =SUM(C2:C36) -> 990170.01

Sheet 2020
A1: PDRB Atas Dasar Harga Konstan (Milyar Rupiah) dan Pertumbuhan Ekonomi (Persen) Kabupaten/Kota di Jawa Tengah
A2: No | B2: Kabupaten/Kota | C2: PDRB ADHK | D2: Pertumbuhan Ekonomi
A3: 1 | B3: Kabupaten Cilacap | C3: 90011.58 | D3: =((C3-Sheet6!C2)/Sheet6!C2)*100 -> -10.282067
A4: 2 | B4: Kabupaten Banyumas | C4: 39121.62 | D4: =((C4-Sheet6!C3)/Sheet6!C3)*100 -> -1.6533717
A5: 3 | B5: Kabupaten Purbalingga | C5: 17182.87 | D5: =((C5-Sheet6!C4)/Sheet6!C4)*100 -> -1.1775051
A6: 4 | B6: Kabupaten Banjarnegara | C6: 15045.88 | D6: =((C6-Sheet6!C5)/Sheet6!C5)*100 -> -1.3182378
A7: 5 | B7: Kabupaten Kebumen | C7: 19527.66 | D7: =((C7-Sheet6!C6)/Sheet6!C6)*100 -> -1.450412
A8: 6 | B8: Kabupaten Purworejo | C8: 13138.29 | D8: =((C8-Sheet6!C7)/Sheet6!C7)*100 -> -1.6104585
A9: 7 | B9: Kabupaten Wonosobo | C9: 13566.18 | D9: =((C9-Sheet6!C8)/Sheet6!C8)*100 -> -1.6447426
A10: 8 | B10: Kabupaten Magelang | C10: 22865.15 | D10: =((C10-Sheet6!C9)/Sheet6!C9)*100 -> -1.6685911
A11: 9 | B11: Kabupaten Boyolali | C11: 22409.73 | D11: =((C11-Sheet6!C10)/Sheet6!C10)*100 -> -1.1964587
A12: 10 | B12: Kabupaten Klaten | C12: 27480.36 | D12: =((C12-Sheet6!C11)/Sheet6!C11)*100 -> -1.1710786
A13: 11 | B13: Kabupaten Sukoharjo | C13: 26616.5 | D13: =((C13-Sheet6!C12)/Sheet6!C12)*100 -> -1.6986724
A14: 12 | B14: Kabupaten Wonogiri | C14: 20563.14 | D14: =((C14-Sheet6!C13)/Sheet6!C13)*100 -> -1.405193
... A37: 35 | B37: Kota Tegal | C37: 10949.12 | D37: =((C37-Sheet6!C36)/Sheet6!C36)*100 -> -2.2904251
A38: Provinsi Jawa Tengah | C38: =SUM(C3:C37) -> 964084.22 | D38: =((C38-Sheet6!C37)/Sheet6!C37)*100 -> -2.6344759

Sheet 2021
A1: PDRB Atas Dasar Harga Konstan (Milyar Rupiah) dan Pertumbuhan Ekonomi (Persen) Kabupaten/Kota di Jawa Tengah
A2: No | B2: Kabupaten/Kota | C2: PDRB ADHK | D2: Pertumbuhan Ekonomi
A3: 1 | B3: Kabupaten Cilacap | C3: 91944.59 | D3: =((C3-'2020'!C3)/'2020'!C3)*100 -> 2.1475126
A4: 2 | B4: Kabupaten Banyumas | C4: 40686.81 | D4: =((C4-'2020'!C4)/'2020'!C4)*100 -> 4.0008313
A5: 3 | B5: Kabupaten Purbalingga | C5: 17731.44 | D5: =((C5-'2020'!C5)/'2020'!C5)*100 -> 3.19254
A6: 4 | B6: Kabupaten Banjarnegara | C6: 15536.48 | D6: =((C6-'2020'!C6)/'2020'!C6)*100 -> 3.2606933
A7: 5 | B7: Kabupaten Kebumen | C7: 20253.06 | D7: =((C7-'2020'!C7)/'2020'!C7)*100 -> 3.7147308
A8: 6 | B8: Kabupaten Purworejo | C8: 13573.47 | D8: =((C8-'2020'!C8)/'2020'!C8)*100 -> 3.3123032
A9: 7 | B9: Kabupaten Wonosobo | C9: 14064.76 | D9: =((C9-'2020'!C9)/'2020'!C9)*100 -> 3.6751687
A10: 8 | B10: Kabupaten Magelang | C10: 23661.71 | D10: =((C10-'2020'!C10)/'2020'!C10)*100 -> 3.4837296
A11: 9 | B11: Kabupaten Boyolali | C11: 23447.37 | D11: =((C11-'2020'!C11)/'2020'!C11)*100 -> 4.6303101
A12: 10 | B12: Kabupaten Klaten | C12: 28531.11 | D12: =((C12-'2020'!C12)/'2020'!C12)*100 -> 3.8236399
A13: 11 | B13: Kabupaten Sukoharjo | C13: 27634.12 | D13: =((C13-'2020'!C13)/'2020'!C13)*100 -> 3.8232675
A14: 12 | B14: Kabupaten Wonogiri | C14: 21251.17 | D14: =((C14-'2020'!C14)/'2020'!C14)*100 -> 3.3459384
... A37: 35 | B37: Kota Tegal | C37: 11290.27 | D37: =((C37-'2020'!C37)/'2020'!C37)*100 -> 3.1157755
A38: Provinsi Jawa Tengah | C38: =SUM(C3:C37) -> 996470.57 | D38: =((C38-'2020'!C38)/'2020'!C38)*100 -> 3.3592864

Sheet 2022
A1: PDRB Atas Dasar Harga Konstan (Milyar Rupiah) dan Pertumbuhan Ekonomi (Persen) Kabupaten/Kota di Jawa Tengah
A2: No | B2: Kabupaten/Kota | C2: PDRB ADHK | D2: Pertumbuhan Ekonomi
A3: 1 | B3: Kabupaten Cilacap | C3: 96677.84 | D3: =((C3-'2021'!C3)/'2021'!C3)*100 -> 5.1479375
A4: 2 | B4: Kabupaten Banyumas | C4: 43069.5 | D4: =((C4-'2021'!C4)/'2021'!C4)*100 -> 5.856173
A5: 3 | B5: Kabupaten Purbalingga | C5: 18690.73 | D5: =((C5-'2021'!C5)/'2021'!C5)*100 -> 5.4101077
A6: 4 | B6: Kabupaten Banjarnegara | C6: 16359.11 | D6: =((C6-'2021'!C6)/'2021'!C6)*100 -> 5.2948287
A7: 5 | B7: Kabupaten Kebumen | C7: 21425.79 | D7: =((C7-'2021'!C7)/'2021'!C7)*100 -> 5.7903843
A8: 6 | B8: Kabupaten Purworejo | C8: 14300.56 | D8: =((C8-'2021'!C8)/'2021'!C8)*100 -> 5.3566995
A9: 7 | B9: Kabupaten Wonosobo | C9: 14770.5 | D9: =((C9-'2021'!C9)/'2021'!C9)*100 -> 5.0177891
A10: 8 | B10: Kabupaten Magelang | C10: 24953.18 | D10: =((C10-'2021'!C10)/'2021'!C10)*100 -> 5.4580586
A11: 9 | B11: Kabupaten Boyolali | C11: 24931.3 | D11: =((C11-'2021'!C11)/'2021'!C11)*100 -> 6.3287695
A12: 10 | B12: Kabupaten Klaten | C12: 30214.98 | D12: =((C12-'2021'!C12)/'2021'!C12)*100 -> 5.9018734
A13: 11 | B13: Kabupaten Sukoharjo | C13: 29185.35 | D13: =((C13-'2021'!C13)/'2021'!C13)*100 -> 5.613459
A14: 12 | B14: Kabupaten Wonogiri | C14: 22448.63 | D14: =((C14-'2021'!C14)/'2021'!C14)*100 -> 5.6347956
... A37: 35 | B37: Kota Tegal | C37: 11873.2 | D37: =((C37-'2021'!C37)/'2021'!C37)*100 -> 5.1631183
A38: Provinsi Jawa Tengah | C38: =SUM(C3:C37) -> 1049295.1 | D38: =((C38-'2021'!C38)/'2021'!C38)*100 -> 5.3011621

Sheet 2023
A1: PDRB Atas Dasar Harga Konstan (Milyar Rupiah) dan Pertumbuhan Ekonomi (Persen) Kabupaten/Kota di Jawa Tengah
A2: No | B2: Kabupaten/Kota | C2: PDRB ADHK | D2: Pertumbuhan Ekonomi
A3: 1 | B3: Kabupaten Cilacap | C3: 101839.74 | D3: =((C3-'2022'!C3)/'2022'!C3)*100 -> 5.3392794
A4: 2 | B4: Kabupaten Banyumas | C4: 45396.3 | D4: =((C4-'2022'!C4)/'2022'!C4)*100 -> 5.402431
A5: 3 | B5: Kabupaten Purbalingga | C5: 19533.86 | D5: =((C5-'2022'!C5)/'2022'!C5)*100 -> 4.5109528
A6: 4 | B6: Kabupaten Banjarnegara | C6: 17174.39 | D6: =((C6-'2022'!C6)/'2022'!C6)*100 -> 4.9836452
A7: 5 | B7: Kabupaten Kebumen | C7: 22638.9 | D7: =((C7-'2022'!C7)/'2022'!C7)*100 -> 5.6619149
A8: 6 | B8: Kabupaten Purworejo | C8: 15025.91 | D8: =((C8-'2022'!C8)/'2022'!C8)*100 -> 5.072179
A9: 7 | B9: Kabupaten Wonosobo | C9: 15405.98 | D9: =((C9-'2022'!C9)/'2022'!C9)*100 -> 4.3023594
A10: 8 | B10: Kabupaten Magelang | C10: 26211.56 | D10: =((C10-'2022'!C10)/'2022'!C10)*100 -> 5.0429645
A11: 9 | B11: Kabupaten Boyolali | C11: 26333.28 | D11: =((C11-'2022'!C11)/'2022'!C11)*100 -> 5.623373
A12: 10 | B12: Kabupaten Klaten | C12: 31938.33 | D12: =((C12-'2022'!C12)/'2022'!C12)*100 -> 5.7036278
A13: 11 | B13: Kabupaten Sukoharjo | C13: 30662.65 | D13: =((C13-'2022'!C13)/'2022'!C13)*100 -> 5.0617861
A14: 12 | B14: Kabupaten Wonogiri | C14: 23566.88 | D14: =((C14-'2022'!C14)/'2022'!C14)*100 -> 4.981373
... A37: 35 | B37: Kota Tegal | C37: 12468.61 | D37: =((C37-'2022'!C37)/'2022'!C37)*100 -> 5.0147391
A38: Provinsi Jawa Tengah | C38: =SUM(C3:C37) -> 1101638.5 | D38: =((C38-'2022'!C38)/'2022'!C38)*100 -> 4.9884347

Sheet 2024
A1: PDRB Atas Dasar Harga Konstan (Milyar Rupiah) dan Pertumbuhan Ekonomi (Persen) Kabupaten/Kota di Jawa Tengah
A2: No | B2: Kabupaten/Kota | C2: PDRB ADHK | D2: Pertumbuhan Ekonomi
A3: 1 | B3: Kabupaten Cilacap | C3: 104540.67 | D3: =((C3-'2023'!C3)/'2023'!C3)*100 -> 2.6521376
A4: 2 | B4: Kabupaten Banyumas | C4: 47795.71 | D4: =((C4-'2023'!C4)/'2023'!C4)*100 -> 5.2854748
A5: 3 | B5: Kabupaten Purbalingga | C5: 20422.61 | D5: =((C5-'2023'!C5)/'2023'!C5)*100 -> 4.549792
A6: 4 | B6: Kabupaten Banjarnegara | C6: 18051.84 | D6: =((C6-'2023'!C6)/'2023'!C6)*100 -> 5.1090606
A7: 5 | B7: Kabupaten Kebumen | C7: 23837.83 | D7: =((C7-'2023'!C7)/'2023'!C7)*100 -> 5.2958845
A8: 6 | B8: Kabupaten Purworejo | C8: 15745.98 | D8: =((C8-'2023'!C8)/'2023'!C8)*100 -> 4.792189
A9: 7 | B9: Kabupaten Wonosobo | C9: 16109.38 | D9: =((C9-'2023'!C9)/'2023'!C9)*100 -> 4.5657595
A10: 8 | B10: Kabupaten Magelang | C10: 27538.21 | D10: =((C10-'2023'!C10)/'2023'!C10)*100 -> 5.0613165
A11: 9 | B11: Kabupaten Boyolali | C11: 27556.18 | D11: =((C11-'2023'!C11)/'2023'!C11)*100 -> 4.6439335
A12: 10 | B12: Kabupaten Klaten | C12: 33568.92 | D12: =((C12-'2023'!C12)/'2023'!C12)*100 -> 5.1054329
A13: 11 | B13: Kabupaten Sukoharjo | C13: 32187.41 | D13: =((C13-'2023'!C13)/'2023'!C13)*100 -> 4.9726948
A14: 12 | B14: Kabupaten Wonogiri | C14: 24728.69 | D14: =((C14-'2023'!C14)/'2023'!C14)*100 -> 4.9298422
... A37: 35 | B37: Kota Tegal | C37: 13119.7 | D37: =((C37-'2023'!C37)/'2023'!C37)*100 -> 5.2218331
A38: Provinsi Jawa Tengah | C38: =SUM(C3:C37) -> 1154234 | D38: =((C38-'2023'!C38)/'2023'!C38)*100 -> 4.7743021
